tweet_id,tweet_text
1486929963395731461,An unprecedented 243 global NGOs+#HumanRights groups call for diplomatic boycott of #Beijing2022â€”and call out crushing repression in #China ahead of Winter @Olympics next week (+@HRW @UyghurProject @CHRDnet @TibetAction @hrichina @FreedomHouseâ€”list below)  https://t.co/SU5ChsnWoV https://t.co/gD1xkwLiTq
1489619663902453766,The #Beijing2022 Winter Olympics opened in the shadow of a diplomatic boycott over China's human rights record and devoid of most spectators due to the coronavirus pandemic https://t.co/Z5nw3xZUHp https://t.co/X1tma7nYQn
1491277140729294848,"Eileen Gu's message is she's proud of her dual heritage. But she's walking a tightrope. Some have accused her of prioritizing profit, while staying silent on human rights issues in China.  Eileen's more than just the poster child of Beijing's Olympics...@cnn @ErinBurnett https://t.co/9cFr8CMmds"
1497933809701949444,Remember when players were told to stop showing support for Palestine because itâ€™s â€œanti-Semiticâ€ and we need to â€œkeep politics out of footballâ€  When Ã–zil spoke out about a GENOCIDE against Uyghur Muslims he was kicked out of the club  I wonder what the difference isâ€¦
1507025671058456580,"@JESTRAMENTAL1 @CominternQueer I don't know what underground churches means.  I think Social credit system and Uighur Camps are ridiculous and lame slanders.  I guess the tennis player you said should be å½­å¸…. I didn't know her story in detail. In my opinion, she may be a high-level mistress who wants to rise"
1516391433514545153,I hope people - especially football journalists in Europe and the Americas - remember this when China tries to bid for a World Cup
1529362252003876864,"@Gerashchenko_en 1. CCP told Putin it was OK to invade Ukraine, as long as they waited until after Olympics. CCP ordered over 300 cyberattacks on Ukrainian govt/business computer systems when Russia invaded. CCP bought large grain contracts in Ukraine only months b4 the invasion &amp; switched"
1537458467396472837,@_Solomonisland_ @FOXNRL @Foxtel @kayosports You do realise Locky won 3 grand finals without Hodges and 1 with him Munster would be lucky to captain a NRL team let alone Qld or Australia let me know when Munster wins three dally m medals at 6 and 3 at 1 Munster not better than Walters who has 6 premierships
1587425247011160065,"A Chinese father brutally assaulted his daughter on a Serbian tennis court. He plead innocent when charged because he claimed that â€˜itâ€™s normal behavior in China.â€™ If this is how a father â€˜normallyâ€™ treats his daughter in China, then #PengShuai should be in our prayers. #China"
1611349891510566921,All the gold that has ever been mined in all of human history could fill about three Olympic-sized swimming pools.
1614891086958166016,VIEWER DISCRETION IS ADVISED!!  Footage of former Zambian Footballer Philemon Mulala has emerged as he was mauled to death by his three dogs in his house at Litchenburg .  Pastor Tunde Bakare Nana Reno Omokri Emefiele Davido and Chioma Big Brother Titans Ebuka https://t.co/i5Uyf0kAt4
1618384607203971073,"@SenTomCotton Half of the GOP whines about the U.S. helping Ukraine. The other half ridicules Biden for not doing enough. If Biden were to do anything different, he'd still have half of y'all soapboxing about how terrible of a job he's doing."
1626270704407838720,"My lifeâ€™s more than just basketballâ€¦ because thereâ€™s a whole lot more to life! ğŸ™ğŸ¾ With @LIFEWTR, we're hoping others go out &amp; find their passion &amp; purpose like I've found mine. Because to live a meaningful life requires more!! ğŸ‘‘ğŸ’§ #LifeWTRpartner https://t.co/89RccTH5hP https://t.co/zxpmXALglk"
1640687116014301185,Two days to go until the @FourthFrontier webinar and @SSharmacardio will join @paulajradcliffe and @TimHutchings1 ğŸ©º  - World-renowned sports cardiologist - Medical Director for @LondonMarathon - Medical Team Lead for London 2012 Olympics   Sign-up â¬‡ï¸ #ad  https://t.co/0UuJRQj8Bf https://t.co/93jY65eVoA
1659884173757411329,"Influencers and YouTubers are making millions by taking their internet feuds into the boxing ring.   This week on Pop Culture, host @ChantayyJayy and Rob Armstrong uncover how the boxing community is reacting to these influencers' matches.   Listen wherever you get your podcasts. https://t.co/PqCV85LxB8"
1700575232547864848,@Football__Tweet When he first went to Madrid he was voted the worse signing ever at Christmas just shows you how much football fans know
1706985244002304460,"While everyone is rightly celebrating the medals that India is winning daily at the Hangzhou #AsianGames, letâ€™s not forget that China disgracefully refused to allow three Indian athletes entry into their country because they were born in Arunachal Pradesh. These three wushuâ€¦"
1724455713332670839,"@CarminDj @guardian Quand on a 62 ans et qu'on a passÃ© 30 ans pÃ©pÃ¨re Ã  @UNHumanRights, l'habitude est de se faire passer pour un hÃ©ros pour trouver du taf chez @hrw, @amnesty ou @Olympics . Comme @raad_zeid, ancien Haut-Commissaire dont les employÃ©s sont complice du #GÃ©nocideOuÃ¯ghour, et qui 1/2"
1734113568113512798,NO RUSSIA ğŸ‡·ğŸ‡º AT THE OLYMPICS!!  Murders belong in jail; not going from the ğŸ‡ºğŸ‡¦ battlefield to track-and-field in Paris ğŸ‡«ğŸ‡·.  Absolutely no Russian athletes should be allowed in international sport until Russia ğŸ‡·ğŸ‡º withdraws from Ukraine ğŸ‡ºğŸ‡¦!! https://t.co/tugzxchJDj
1735511933103866241,"Three big wins for the environment in the last nine days of Parliament for 2023:  âœ… Passed legislation to establish the worldâ€™s first Nature Repair Market, to boost investment in nature and prevent greenwashing.   âœ… Updated the water trigger in our environment law to cover unconventional gas projects.   âœ… Rescued the Murray-Darling Basin Plan, to deliver an extra 180,000 Olympic swimming pools of water for the environment."
1750612505221615723,Even European football has challenges but these television networks that bring it here pay people (here) to praise it and portray it in the best light. These same people some of them are   prominent media people when it comes to our local football they sell and promote the negative. #TutegereOmupiira
1752328748253220911,"MAGA doesnâ€™t believe itâ€™s possible for a pop star to be dating a football player whose team is going to the Super Bowl, but they DO believe that Donald Trump was found liable of sexual assault, defamation &amp; business fraud â€œfor them.â€  And that is how you know itâ€™s a cult."
1779397224449147202,"*BJP's MANIFESTO* -UCC, One Nation One Election -Ration,Gas,Water, electricity, Housing , healthcare for all -Road, Railway, Airways etc Infra Development  -Making India a 5 trillion economy, India to host Olympics  *INDI ALLIANCE MANIFESTO* -Scholarship for Muslims to study in abroad -Recognition of Sharia law -Allowing Burqa-Hijab in schools -Caste census to divide Hindus -Breaking the relationship with major friendly countries -Destroy all the Atomic Weapons to make India weak  Now the choice is yours...!!!"
1782300534361522295,"@yomi_olympic @downthreebreaks @jaketapper Also, Israel doesnâ€™t have a written charter and they certainly do not have any rule, law or written declaration to eliminate all Arabs. You are simply lying. Up until October 7th, Arabs from Gaza &amp; the West Bank were free to travel and work in Israel. https://t.co/Fy5w4o51nM"
1782508176136454273,@iamBrianBJ @EricRie @Erstwhilian @ESLE78 @Eugen2Rastignac @jenn_buckle @MTrumpeldor1948 @mrfeinsod @hamasgbir @Dkarbowitz @BrianofValinor @ffootballgeek @fish_puddle @FredRosner @FroggyDeb2005 @JamesCappleman @YardenBenJoseph @AmiYafa68583 @glassliora22 @HillelLevi123 @IsaacKarymon @HasGlasses @delictum @ignTechniq @27kislev5719 @gagliano_b @giladk2 @golfbravo99 Thank you ğŸ™ğŸ½
1782870816461652069,"Sure I love swimming, and it's been magic for my knee.   But truth be told the real reason I swim so frequently is because I hate cleaning my shower stall."
1783900381346410512,"""On Howard Stern's show today, Biden claimed...  - He saved 6 people from drowning as a lifeguard (Lie) - He received """"salacious pictures"""" from women in the 70s that he handed to Secret Service (Definitely a lie and senators don't have secret service protection) - That he was arrested as a kid while standing with a black family on their porch as people were protesting desegregation. (Lie) - That he was """"runner-up in state scoring"""" in football. (Lie)"""
1788235796480229428,"There's been a lot of bluster the last couple days from my opponent on some very important issues- from the border crisis and illegal immigration to the economy and reckless spending, and even protecting the sanctity of life and pro-life values. This is great news as it means our campaign is over the target ğŸ’ªğŸ¯ These issues having far too great an impact on voters than to simply be relegated to political talking points by politicians to spin once it's election time. Nebraskans know as well as anyone that talk is cheap. Effectiveness isn't measured by how much paper you push but by how far you move the ball down the field or by actually getting a stop. This isn't Iowa football and punting year after year, session after session isn't a winning strategy. #Nebraska #NE02 #AmericaFirst #Election2024"
1788385486056382594,"Border fencing is a force multiplier to help secure our border from illegal crossings, as well as drug and human trafficking. Thatâ€™s why the border patrol agents support it. Even Obama supported building fencing.  Radical liberal Will Rollins says heâ€™ll OPPOSE any border fencing. https://t.co/izELjdpMim"
1793305757200404911,The good news for Ole Miss is that now they can focus on football season &amp; that big disappointing loss in the 1st round of the CFP that ends their best season ever. You heard it here first.
1808911017461830005,"NEW: META CEO Mark Zuckerberg shares video of him wearing a Tuxedo while holding a USA flag, drinking a beer, all while wake surfing.  The video amassed over 150,000 likes and 1.4M views in the hour after it was posted.  In 2021, Zuckerberg shared a similar video where he was hydrofoiling while holding the American flag."
1812183141521744383,"@CLos1881 @usabasketball @JoelEmbiid @NBA @NBAArabic @sixers Trash display   Load management still â€¦. Lost to Nigeria and Australia.  Big up to Durant for being the only one balling Grant Hill , Steve Kerr wtf yâ€™all doing with this BS. Get the team together and let them ball, Jaylen Brown , is needed."
1812183508476993646,"@mojgangsta3 @natepgs @BiasedHouston Bro we is itâ€™s a reason why black people &amp; basketball &amp; football makes the most money &amp; wins most of the rewards please go do yo research my guy black people won most the awards dating back to when both leagues was founded, Iâ€™m stating facts you stating yo opinion"
1816942300569780644,Wishing all of our amazing @TeamUSA athletes the best of luck at the #Paris2024 Olympic Games. A proud nation is looking forward to watching you shine.
1816991746737254682,"Beautiful @Olympics opening ceremony in @Paris, the greatest city in the World. A few weird momentsâ€¦but overall impressive, in particular the finale.  Looking forward to the competitions.  Go @SouthSudan basketball. https://t.co/Zg8wXX64qI"
1817252283006030298,"MMA fighters are some of the most athletic individuals in the world and yet, MMA is not recognized as an Olympic Sport. This despite the fact that many fighters have not only competed in the Olympics, but theyâ€™ve won Gold Medals.   Itâ€™s time to change that. Itâ€™s time to recognize MMA for what it is, on the biggest stage available.   MMA IS A GOLD MEDAL SPORT #MMAIS"
1817572171331612732,The actors of the Warrior Flag Team cheer for the Chinese Olympic team ğŸ’ª #Xi'an  https://t.co/v1V6migs4o
1817572637234618484,"Our fellow X user, and Israeli rhythmic gymnast Karina Pritika, might have been competing at the Paris Olympics right now, but she was executed by a monster for being a Jew while pleading for her life on her knees after watching him murder her best friend . https://t.co/dXA64UZcBj"
1817643417570025679,"@BishopBarron @Olympics If I may. Confront their arguments instead of opposing view. What they say is right and justified based on their ethics. They have a different 'god' and their ethics are based on sex, 'natural' desires. So 1. Expose their ethics and criticize it and 2. Educate on morality"
1817807973499982014,BIG NEWS ğŸš¨ Congress MP Karti Chidambaram said that hosting Olympics in India will drive the country into a HUGE financial debt.  He said 'It will be a colossal disaster for our Country'  'Infrastructure built with the money will go unused after the Olympics'  'Itâ€™s better to focus on supporting our sportspersons & give them the resources' - KARTI.  Nita Ambani has said 'Day is not for when India will host the Olympics'   India might bid to host the 2036 Olympics.
1818666338262696172,The International Â­Olympic Committee confirmed two boxers who were disqualified from the world championÂ­ships last year for failing â€˜gender eligibility testsâ€™ were allowed to fight in Paris. What a bloody disgrace! So the Olympics permits MEN smacking women about?! â€˜Progressâ€™?! https://t.co/kkTsIcHTNh
1819618316274540678,"In response to the baseless accusations of doping leveled against Chinese athletes, Chinese swimmer Zhang Yufei questioned Western media outlets as to why Western athletes such as Phelps and Ledecky are not questioned when they perform well, but Chinese athletes who win medals should be questioned. #OlympicGames #Swimming"
1820088653366051053,@GabGab1968D @alanabrahamson @IBA_Boxing @Olympics Are you saying the current test used by the Olympics is wrong?  And what was the test the IBA ran and what were the numbers? (Hint: you can't say because the Russian-controlled IBA never shared them â€“ not even with the athletes!)
1820133065433530508,"#TeamTaiwan is on fire! Big shoutout to Lee Yang &amp; Wang Chi-Lin for clinching another #Olympics goldğŸ… in menâ€™s doubles badminton! From #Tokyo2020 to #Paris2024, the amazing duoâ€™s superb results have everyone in #TaiwanğŸ‡¹ğŸ‡¼ over the moon! (ğŸ“¸Sports Administration, MOE) https://t.co/FsKUeP2ZWg"
1820396664315592744,"'I want to play fair and swim fair... there's nothing more heartbreaking than losing to someone we know is cheating.'  @adam_peaty criticises the Olympicsâ€™ 'bizarre' anti-doping system, telling LBC's @charlotterlynch that he wants a 'full de-centralised testing agency'. https://t.co/15FkTC7dJ5"
1820568986339160304,.@InesDLC spoke with Ukrainian high jumper and gold medalist Yaroslava Mahuchikh who hopes her win will help 'put the focus back on Ukraine.' https://t.co/QQ1hgUyI9L
1820838269195825301,@bruce_mcgonigal @WallStreetSilv zero posts on this from the lgbtqsl2+ . ------------------------------------------- and zero tweets about  the olympics violence against women
1820857748977791325,"Tonight, a French prosecutor, under Macron's orders, sent the French gendarmerie to seize the CitizenGO bus in Paris. The bus was protesting the mockery of the Last Supper at the Olympic Games opening ceremony and demanding that French authorities and the IOC stop attacking https://t.co/2RoEQUwOQ1"
1820920578506723617,"Just read that she was denied a chance to join the kenyan team, and was asked to give 200K to join, so she went to run for Bahrain. She just bagged a gold medal and will be paid Ksh32Million. Meanwhile a gold for Kenya only attracts Ksh5Million. Iâ€™m happy for herğŸ«¶ğŸ¼ https://t.co/NFp9pPoG03"
1820933183661052354,The youngest U.S. woman to win an Olympic medal in wrestling.   @AmitElor just made history ğŸ‘  #ParisOlympics https://t.co/nSxa4SNaEB
1820950213328339074,â€¼ï¸BREAKING â€¼ï¸  ğŸ•ºDance of the Duperâ€™s Delight   Male Algerian boxer to compete for gold in womenâ€™s boxing   (Checks notes)   Correction - MIXED SEX boxing   #IOCHatesWomen #IOCPromotesViolenceAgainstWomen @Olympics #Paris2024 https://t.co/IqAflnBH0C
1821103175115350386,BREAKING : Vinesh Phogat has been hospitalised after she spent the whole night trying to lose weight to not get disqualified.   She risked her whole life just to get India that medal and some vultures are mocking her and celebrating her failure.   This is a clear Sabotage.  Time will do justice to those who did this to our champion.   #Paris2024
1821107753332465685,@Ak_soorya 2 yr ka bacha bhi bata dega this is absolute bullshit. Manipur yad nhi rehta ukraine war rukwayenge.... ğŸ˜‚  Aur bat proof ki nhi hoti kyuki waha kisi ka Olympic medal dau pe nhi laga tha....hope you know how PR works
1821212612685709676,"GO FOR THAT GOLDEN LIFTğŸ‹ï¸â€â™‚ï¸ Team China's 23rd #gold medalğŸ¥‡ Li Fabin snatched an Olympic record of 143kg, defending his #Weightlifting menâ€™s 61kg title with a total weight of 310kg. What a victorious start for the Chinese weightlifting team! https://t.co/pqbAaziLEX"
1821386415495881199,"@NSoto20 @premierboxing @Canelo @EdgarBerlangaJr You better hope that doesnâ€™t stop, those people pay taxes to help keep your little island afloat seeing as yall canâ€™t do it on your own. ğŸ¤£"
1821396276002361459,"â€˜For reasons beyond her control, Vinesh had to wrestle in the womenâ€™s 50kg category at the Paris Olympics. She wanted to compete in the still manageable 53kg category but a younger rival - Antim Panghal - had claimed that spot. Vinesh desperately asked for trials to determine who would represent India at the Olympics for that weight.   The federation didnâ€™t budge. If she had to go to the Olympics, Vinesh had to wrestle at 50kg or she wouldnâ€™t get to wrestle at all.â€™ https://t.co/yRCanuaqSj"
1821455259497300305,@TheFigen_ @Gr8fulSusan That was amazing. I feel bad for the great athletes who have to say they won their medal at the Olympics hosted by France in Paris.Yes the one where the French decided it would be cool if the opening ceremony was SO SATANIC AND SEXUALLY PERVERTED WE ALL HAD TO CHANGE THE STATION. https://t.co/p11f0EMkdN
1821617962224144776,A very very bad unsportmanshipby the Dutch players  This is completely not in the Olympic spirit. If you win you can't tease the losing team Very bad behaviour by the Dutch players They won the gold medal ğŸ¥‡ by beating Germany in shoot off #Hockey  #Paris2024  #ParisOlympics2024 https://t.co/2p1a9RlcmN
1821623673448432059,"What an absolutely selfish d*ckhead. He should be punished, banned &amp; sent home immediately. US Track &amp; Field should also be punished &amp; fined for knowingly putting other athletes &amp; officials health at risk due to their irresponsible selfishness #OlympicGamesâ€¯â€¯â€¯ #COVID19 https://t.co/rHZnLNw4Vv"
1821693758536098074,"@ReyZach_ @thebookbd couldnâ€™t even imagine the olympic fees, nvm the fees that lead up to that point. thereâ€™s a lot more athletes taking advantage of that free healthcare in the village than we think. like it or not NL is the publicity t&amp;f needs ğŸ¤·ğŸ¾â€â™€ï¸ my whole timeline has been t&amp;f &amp; iâ€™m so happy"
1821717265202499880,"I just find that really disrespectful.   Like they're now five-time (consecutive) Olympic medalists, and you can't even dedicate 10 minutes to them?  how many americans care about the chinese divers? womens volleyball is the most participated youth sport in the country."
1821766405177405717,"""@TheTennisLetter And Paolini is fully Italian? Why do people invoke the immigrant card whenever a player makes a decision for themselves and their careers? It's not like playing the Olympics with an injury shows you truly """"Italian""""."""
1821786856436232271,@daw3110 @Bubblebathgirl @MattWalshBlog Is it to much to ask for am Olympic opening that doesn't attack a major religion? I just don't see how blasphemy and making Christians and Muslims feel unwelcome is essential for the Olympics
1821838350761783758,Olympic bronze medalist Nyjah Huston calls out the quality of the Paris Olympics medals after his bronze medal began DETERIORATING. ğŸ¥‰  â€œTheyâ€™re apparently not as high quality as youâ€™d thinkâ€¦The medals looking like it went to war and back.â€ https://t.co/zqogSYJExm
1821864845009985625,"Canada's total medal count sits at 22. National record for a non-boycott Olympics is 24.    Canada should smash that mark. By my count, there is a legit possibility of *at least* five more podiums at Paris 2024.    Four could be gold (beach v-ball, shot put, 800m, Phil Wizard)."
1821944618176393411,"ğŸ‡¨ğŸ‡µ Morhad Amdouni est forfait pour lâ€™Ã©preuve du marathon masculin des Jeux Olympiques suite Ã  une blessure au mollet droit survenue ce matin lors de son dernier entraÃ®nement.  Lâ€™athlÃ¨te a passÃ© une Ã©chographie qui a confirmÃ© un dÃ©collement inter-aponÃ©vrotique.  ğŸ‡¨ğŸ‡µ Hassan Chahdi, sÃ©lectionnÃ© en tant que remplaÃ§ant, sera au dÃ©part du marathon masculin samedi matin.  #Paris2024"
1821996935475089709,North Indians from Haryana and Punjab pretty much carried India in Olympics    Whatâ€™s happening in â€œrichâ€ southern states?  South Indians too busy in protesting against Hindi or watching stupid southern movies?   Food for thought
1822173901050261894,"Iâ€™m backing Raygun. Sure sheâ€™s a bit woke - but sheâ€™s individual and unique.  She tried something in the face of convention, sheâ€™s proud to wear her Australian tracksuit, and, ironically, sheâ€™ll probably be the most famous and iconic thing about the whole Olympics.   Sheâ€™s taken some risks to incorporate references to Australia.  And, at the end of the day, she totally went punk on the whole break dancing competition.  Iâ€™m proud of her.  Keep going, Raygun. Do what you want and damn the critics."
1822246369920180603,"'You belong in a gas chamber...'  These are the types of messages Olympic Gold Medalist Amit Elor now receives.  The 20-year-old American-Israeli wrestling champion, also has a champion response to all of those courageous people hiding behind their screens. https://t.co/vHE2TdIyMp"
1822323623505559772,"@brunopdnreal79 @msir4x4 @apropriajulia 2 facts about Olympic boxer Lin Yu-Ting:  1.  The IOC has confirmed that Lin fully complies with 2024 Olympics participation rules.  2.  The IBA, which questioned Linâ€™s eligibility, was suspended in 2019 due to corruption scandals and is not recognized by the IOC or CAS."
1822363629762875403,"ğŸš¨Second biological male Lin Yu-ting  won gold medal in female boxing !!! ğŸ¤¯  Lin Yu-ting defeated Polish 20-year-old Julia Szeremeta @szeremeta03 and wins the gold medal in the womenâ€™s featherweight 57kg division.   Lin Yu-ting failed a sex test at the World Championship under IBA in 2023 but was approved to fight at the Olympics.  This follows Imane Khalif who gold in a different heavier division but also failed gender tests in 2023.  #Paris2024   Source: Visegrad, Al Jazeera"
1822381953678807371,"The biology is intact here. Lin Yu-Ting was born female. In her years of professional boxing career, she has complied with all applicable medical regulations set by various  organizations that host the competitions. Only the IBA issued a controversial ineligibility but up till now, the IBA has not provided any evidence to back their accusations. Their tests were deemed flawed and illegitimate by the IOC."
1822402406786752853,@XONATION I find it strange that people find this an own. He came to the olympics to find out if he was the best. He was willing to put it on the line no matter the outcome. Most sports have a clear winner. Sharing gold seems cute but also denies athletes their win in a way.
1822435863361429679,"-Xavi hizo debutar a Lamine: Lamine fue clave en la Eurocopa de EspaÃ±a. -Xavi hizo debutar a Cubarsi y Fermim: Ambos fueron claves en los juegos OlÃ­mpicos.  Â¿Se puede decir que gracias a Xavi, EspaÃ±a tiene una Eurocopa y una medalla de Oro?"
1822507946938609731,@BeijingDai Its hard not to notice that USA (and Australia too) only dominate in 2 sports: swimming and athletics. Both sports rely heavily on individual physical performance which can easily be enhanced through drug use. I am very sure thatâ€™s whatâ€™s happening!
1822519699235631156,@_mismoh_ No I donâ€™t but thatâ€™s my point.they were racists and they are going to hell for it. But to say the medal was given to Ana as it was in the beginning bc of racism is simply not true. Itâ€™s bc the judges violated rules in the gymnastics rule book. GIRL BYE.
1822611582746235136,"#Opinion: The #Paris2024Olympics will come to an end, but the game surrounding the global doping control mechanism may have only just begun. We will see in future events whether testing frequencies will be fair across all countries and if the double standards and shameless practices of USADA will be seriously addressed, especially in the Los Angeles Olympic Games. https://t.co/5G5skih1rp"
1822725093208027222,"@WeAreSince1776 @TheFunZoneSpot @SkySports Anything below gold is useless imo. You either win or lose, there is no sugarcoating. Sliver and bronze is basically participation medals that say 'well done you tried, but you didn't win'. It's useless and glorifies failure."
1822861999623033287,"Vinesh Phogat won't get the medal. In Tokyo Olympics, A Japanese wrestler disqualified for 50 gm overweight &amp; her appeal was rejected despite her country was hosting the Olympics   If she gets it, just know Modi has thrown some big business deal to Macron, probably more rafales"
1822904097336426661,"They say every child has a dream, to pursue the dream is in every child handâ€™s to make it a reality. I had the dream of becoming an Olympic Champion. I put the work in everyday and Iâ€™m so happy to say that I have accomplished my childhood dream. However behind every child you have a support team of friends, family, coaches, teammates who encourage and help make your dream a reality.  So I would firstly like to thank my parents who sacrificed their own lives to make my dream a reality. My best friends and teammates who supported and pushed me to achieve my dream. My coaches, especially Andi Manley you created the journey and allowed me to push myself until I had achieved my dream. Now Paris 2024 is over and I head back to Ireland I can finally reflect and thank everyone for the support across the past weeks and Iâ€™m happy to say Iâ€™m bringing a Gold and Bronze home ğŸ¥‡ğŸ¥‰ SlÃ¡inte mo chairde ğŸ’š"
1822984981196521878,Matthijs de Ligt has:  - Captained Ajax at 19 years old  - Played for the biggest club in Italy and  Germany - Won Dutch footballer of the year - Won the Golden Boy award - Won 8 Trophies  All at the age of 25 years old https://t.co/nDkoaoHlO6
1823004644576309626,"""@ronNcaphill Very nice! I have collection of """"Last Supper."""" I need that one from the Olympics. At the time I  didn't compute as the """"Last Supper."""" Now with all outrage I need the Olympics version for the """"Last Supper"""" collection."""
1823050668032000039,2024 Holistic Olympics was a Great Success!â˜€ï¸ğŸ•Šï¸  thank you to the athletes and sponsorâ€™s!  @codyjwatkins @arniewatkins @casbrad @KyleSchweke @MichaelAmmons @JonasKilker @jordan_driebe @leifofferdahl @brandondifede @GrecoGum @RegenaisanceMan @_Regenaissance https://t.co/Bwh8XL7qds
1823503645939245489,"Over his entire basketball career, Michael Jordan played for 11 championships. He never lost:  NCAA Championship: 1-0 Olympic Gold Medals: 2-0 FIBA Gold Medals: 2-0 NBA Championships: 6-0  Jordan remains the only player in NBA history to win: MVP, Finals MVP, Defensive Player of the Year, and Rookie of the Year."
1823625809040392254,"@LePulisic @UnRayao @TomerAzarly @KDTrey5 Yea my man keep going you know the saying ""Empty vessels make the most noise"" as for the better players.  Well the NBA draft over the past few  yearsğŸ˜‚ seems to think differently as does the MVP choice. Americans from U19 onwards really struggle to play intl basketball ğŸ€"
1823637069752885723,The @wwos posted what they thought was the top 10 of most medals won by Australians at Olympic Games.   Absolutely no idea !!  WHAT ABOUT : Leisel Jones - 9 medals  Petria Thomas - 8 Emily Seebohm -7  Seriously itâ€™s not that difficult. https://t.co/n7hAcrFrH3
1823701454697214342,"Olympics was hittingâ€¦ hard ğŸ¤¸â€â™€ï¸ğŸ¯  Wanna win Uncommon Fancy Sport Top ğŸ½+ Uncommon Fancy Sport Bottom ğŸ©³+ 500 $FRI ğŸŸEACH? Then you have to:  ğŸ¥‡ RT&Like ğŸ¥‡ Drop your fav moment of #Olympics so far â€” post pic/video below ğŸ¥‡ Share your Chainers Wallet for the goodies  ğŸ—“ 3 winners will be announced on August, 21  Be fancy, be Chainor! â­ï¸  #Sport #Airdrop #NFT #OlympicGames"
1823706135863452039,"France has launched a cyberbullying investigation following a complaint by Algerian Olympic boxing champion Imane Khelif, prosecutors told CBS News on Wednesday, after the athlete endured backlash over misconceptions about her gender. https://t.co/tWJXzs4DXx"
1823780873281658996,"@LissomeCynosure mind swimming with all the possibilities that lead to this moment, panic forming in her chest. clearing her throat, she turned her head back to the girls, gaining their attention wordlessly.       'You're dismissed, ladies, I know it's early, but you may use this time for--"
1823931270566445461,"The unbeatable spirit of the Kenyan spirit in sport! #KenyaToTheWorld   Team Kenya, that was an incredible show of excellence!  Faith Kipyegon is an amazing and incredible human being!  Pushing all the limits and giving her all for our national pride.  She's a three-time individual back-to-back gold medallist in 1500m; that's no mean feat."
1824127860199600213,"@MikeFriday09 @EaglesOverseas @TeamUSA @Olympics Yes, he is definitely a quality rugby player. The argument is quality 15s rugby players (who are young, fit, &amp; fresh and suited to 7s) can transition a lot simpler than some suggesting. Like when you selected Mathew Tait (pre-chronically injured) in 2006. https://t.co/oDk8agXnzX"
1824166145991344317,Sindh Chief Minister @MuradAliShahPPP awarded Olympic gold medalist @ArshadOlympian1 a prize of 50 million rupees for his remarkable performance...  #Olympics #Pakistan #ArshadNadeem  #OlympicGamesParis2024 https://t.co/S9ceaFQoa9
1824551682149077384,"@RealSFDynasty Isak and BrunoG still here, magician Tonali back, Gordon taking another step and Barnes healthy, plus potentially Guehi and a RW coming in. Also no European football to worry about is a major advantage as well"
1824663555343344115,"@FanDuel People saying 'Noah trying to stay relevant' bro he's the fastest man on earth for the next 4 years. Ur comparing a global gold medal Olympian to an NFL WR. I love hill, im a dolphins fan. but if anyone is clinging to relevance it's Hill"
1824668240477348324,"Let's put this 'Trump dissed the Medal of Honor' nonsense to bed right now.  He said it's better to be old and healthy than it is to be (i) dead or (ii) old and crippled.  Does ANYBODY disagree with that obviously true statement?  Conceptually, that's ALL he said.  Anybody who claims otherwise is a lying fascist midwit, and if you encounter any such creature please feel free to verbally eviscerate them yourself or send them my way for a deluxe verbal evisceration."
1824751565904761255,â€œIt is really disgusting. I just canâ€™t wait until we flush him down the toilet of history and never talk about Donald Trump again.â€   -Former GOP Congressman @AdamKinzinger on Trumpâ€™s comments disparaging the Medal of Honor. @RpsAgainstTrump   https://t.co/RBexGYeSpD
1825190853700194484,"@frankocean1fann Itâ€™s pretty simple; in strict basketball terms, her being in as many basketball related conversations as she is makes no sense. If itâ€™s about the post-play basketball, put that time into Aâ€™Ja, Jonquel, Stewie, etc"
1825202385083412902,"The 2024 Summer Olympics, officially titled the Games of the XXXIII Olympiad and branded as Paris 2024, was an international multi-sport event held in France from July 26 to August 11, 2024. Paris, the host city, kicked off the Games with an opening ceremony on July 26. The event https://t.co/NhjdUzxnZg"
1825267914775146898,"just now processing the olympicsâ€¦  full support for transgenders, but like why not have separate classes: - trans men - trans women  &amp; let them compete against each other?"
1825333377114759397,"@TennisUpdates24 how long would u like rallies to be, exactly? the issue with tennis now is net play has gone mostly extinct and coaches no longer seem to value variety as a winning option, its just power baseliners, all the way, with very few exceptions"
1825683995184574650,"@SnoopDogg @Simone_Biles @NBCOlympics If there's a reason we need Donald in jail, it's bc there's no way we'll be able to tolerate 4 years of him pissing and heaving for not being picked by NBC to bring the pizaz. There's no way he'll be able to tolerate it either."
1826105233409183942,"@XxDA7amxX @Shane00 Winning Bronze was not in the Final game. I thought Jordan fans cared about Finals game, remember 6-0??  In the FINAL olympic game, LeBron is 3-0 and Jordan only has 2. Stop bringing up Bronze unless we gonna bring up first round losses for MJ in the NBA"
1826427737227301167,Whether World Champion Flag Football QB Darrell Doucette is better than Patrick Mahomes at Flag Football DOESNâ€™T MATTER. The truth is the 2028 Olympics are the best opportunity for the NFL to GROW THE GAME OF FOOTBALL GLOBALLY and they will want NFL Players on that Olympic team. https://t.co/KxdNbYEXaC
1826473319459180544,"Minnesota Gov. Tim Walz formally accepted the vice-presidential nomination on Wednesday, in a night that was designed to introduce him to the country as a teacher and a football coach, a father and a husband, a former congressman and current governor who now could be the nationâ€™s No. 2.  â€œWeâ€™re all here tonight for one beautiful, simple reason,â€ he said. â€œWe love this country.â€  Read more from his speech: https://t.co/ZW8GxIePgG"
1826475503563215114,"""@clarkkent415 @ApexJones22 One day, I pray that you Curry fans understand what the word """"consistency"""" means  Maybe on that day y'all will finally understand why he didn't deserve the '18 FMVP and the Olympics MVP  As for 2015â¬‡ï¸"""
1826493577586954533,"@AsmilaJ @ThinkPrague @kerchbridgegone @jurgen_nauditt Oh, right, because when your neighbor fills their yard with armed guards and points them at your house, it's totally not a provocationâ€”just friendly security, right? The mental gymnastics you're pulling here could win gold at the Olympics."
1826588207007269365,@tomo_medved @HrvatskaHvz @mup_rh @MORH_OSRH @RavnateljstvoCZ ÄŒestitam joÅ¡ jednom ğŸ‡­ğŸ‡· olimpijcima na sudjelovanju u @paris2024 i osvajaÄima 7âƒ£ medalja. Ukupno 1âƒ£0âƒ£0âƒ£  sportaÅ¡ica i sportaÅ¡a predstavlja Hrvatsku na @Olympics i @Paralympics. NaÅ¡im paraolimpijcima Å¾elimo puno uspjeha u natjecanjima koja ih uskoro oÄekuju u Parizu. #sjednicaVRH
1826887355434783141,"@AntikBasu80384 @AmitK98infinite @IndiaSportsHub Y should shut up first, 1 olympic medal yet in tennis ,how many medal other state won in olympic yet from 1947b give me the numbers in indivuall category first can you ??  If not any player from bengal has capability to play for India than how can it reach ranji final last yr"
1827031813778182587,A 16yr old Australian citizen born to SouthSudanese parents has now run 100meters in 10.2seconds.  To show you how fast he is: Paris olympics 100m winning time for men 9.79 and women 10.72.  This 16year old black boy is called Gout Gout. Watch out for him. https://t.co/O6wM2XNGOL
1827083897374699781,"@YourMommAngel @ImNotCharity @TiborFuto @k1llacourt @jk_rowling @SwipeWright 1/ Where and when did they say that? What exactly did they say?  The IOC have not sex tested athletes in over 20 years. Instead they have deferred to individual sporting bodies to ensure eligibility. For the purposes of the 2024 Paris Olympics, there is no..."
1827289501888057562,"Moroccan-Dutch footballer tweeted 'From the river to the Sea, Palestine will be free' in the early stages of Israel's genocidal war on Gaza. His club fired him for the tweet. He sued for wrongful termination and won. Now he donates a large sum from the settlement for Gaza. ğŸ‘‡ğŸ‘‡"
1827328037009973759,"4 days before my son Joseph got a brain hemorrhage that ended his life, Joseph bought our @TorinoFC_1906 Season tickets for 2024/25 SerieA - I will go the Curva Maratona this weekend without him but he will be in the Maratona in spirit, his favourite football place. #ForzaToro... https://t.co/eRXDjcrxvt"
1827409056211898646,"Imagine having never played in a middle school football game, or high school, or college, or NFL, and then showing up right before the Super Bowl expecting to be given the starting quarterback position. Thatâ€™s what Jill Stein does every four years when she runs for president."
1827428490754363630,"What a legend - three weeks after his gold medal in Paris, Paul O'Donovan of @RowingIreland is back with another gold medal, this time in the lightweight men's single sculls. Is he Ireland's greatest ever athlete?  #WRCHStCatharines #WorldRowingChamps https://t.co/wlRILZ31qp"
1827805569740423260,"ğŸ—£ï¸: ""Peaked out for the Olympics, which I have no regrets about. This might be the last one of the season. That was pretty rough.""  Paris Olympics 5k and 10k bronze medalist Grant Fisher was very open after having a tough showing in the men's 3k in Silesia where he finished 15th. https://t.co/x6roWKnQG3"
1828195826591478262,@MitchellPe43263 @BoilerBurner1 @MarkDen51212046 @MarchMadnessMBB @KentuckyMBB @UConnMBB @DukeMBB @BoilerBall @KUHoops @UNC_Basketball @IlliniMBB @IndianaMBB @CycloneMBB @RazorbackMBB Iu fans have never seen a sweet 16 win lmao pipe down little bro
1828357151951061202,"The accolades keep pouring in for Arshad Nadeem, our Paris Olympics gold medalist! Indus Motors gifts him a brand-new car. The Sindh government has issued a special license plate, ANO 9297, reflecting his legendary throw and his titleâ€”Arshad Nadeem, Olympian!  #ArshadNadeem https://t.co/2F4PiSqIFB"
1828369587517149369,Round Two  FULL HOUSE ğŸ¾ğŸ¾ğŸ¾ That year is one of my favourites â¤ï¸ Geek alert. I know Bruce Dickinson was not far from making the GB Olympic fencing squad at one stage.  Actress Geena Davis was also near to archery team for the yanks 3/10 So many Strait up classics    #Popmaster
1828777326420832323,@sabriprovenzani @aleryon__ @KatyMontgomerie If there's an issue this can be evaluated before the Olympics start and applied to all women at the event. Not how it's being pushed now. As something particular on a particular person. It's most unfair to all women. Because then it can be applied to any woman at the mob's whim
1828779805296525412,"The results are in! ğŸ¥ You voted for your favourite Paris 2024 moment that embodied the Olympic spirit. ğŸ¤©  Canadian gymnast and four-time Olympian, Ellie Black won your vote for her support for other gymnasts. ğŸ‰  #Olympics | @EllieBlack_ | @TeamCanada | @gymnastics https://t.co/8xkfKZ7yWc"
1828861373226336692,"Nous y sommes ! Coup d'envoi des Jeux Paralympiques #Paris2024. ğŸ‡«ğŸ‡·  Soyons au rendez-vous pour porter, avec ferveur et fiertÃ©, nos 237 para-athlÃ¨tes franÃ§ais vers les sommets ! Et soutenir le projet dâ€™une France plus inclusive pour toutes les personnes porteuses de handicap ! https://t.co/WwAoYzGFvX"
1828863602042007654,The #ParisParalympics start tonight!  Three Missourians are representing @TeamUSA and I hope everyone across the state will join me in cheering them on. @paralympics @Olympics #Paralympics #Paris2024
1828919305020354967,@PaulKearney65 @adam_stillfedup If an athlete wins back to back Olympic golds and receives less coverage than an athlete who doesn't medal to me that is unfair and shows a bias. If an athlete is celebrated not on merit but for identity that is wrong. Facts aren't snide.
1829366541256683791,"""February: """"I miss college football"""" March: """"I miss college football"""" April: """"I miss college football"""" May: """"I miss college football"""" June: """"I miss college football"""" July: """"I miss college football"""" Late August: """"How the F*ck do you leave him wide the f*ck open?! F*ck this sh*t."""""""
1829556911207059473,@stfukarran Less eyeballs compared to Olympics... less pressure on paraathletes.. they hav already suffered a lot in their lives.. there is absolutely nothing to lose.. there won't be no criticism on them even if they perform badly... as we sympathize on them for their hardships..
1829803714929967532,"Kudos to this young warrior from Muzaffarnagar to be the first Indian to get a medal, a bronze at the Paralympics. Let's celebrate her achievement which is no less than any by an able bodied athlete infact a much greater achievement.  Preeti Pal  https://t.co/TCREXjgxcP"
1830636431381029163,"@Adam20073132780 @AbiyAhmedAli @BillGates @gatesfoundation Once an area is designated for GMOs, it becomes permanently contaminated and cannot support non-GMO Cross. Farmers will then be forced to buy seeds from Gates. Abiy is a foolish man."
1830714987075035282,"Two years back, Who thought one of the richest man @BillGates on planet would be standing in the middle of farm with @AbiyAhmedAli  to discuss Ethiopiaâ€™s potential on agriculture? â€¦. Certainly, the discourse is not aids but how to maximize the ongoing productivity.. https://t.co/4rweboGLRo"
1830863051744256089,"ğ™ˆğ™šğ™™ğ™–ğ™¡ğ™¨ ğ™ˆğ™¤ğ™£ğ™™ğ™–ğ™®! ğŸ¥‡ğŸ¥ˆğŸ¥‰  What a historic day we had at the Paris Paralympics yesterday. Indians, across various sports, won 8 medals, including 2 golds, 3 silvers, and 3 bronzes.  Congratulations to all the winners who flew the Indian flag high, making it the most memorable day ever for India at the Paralympics.  #Paralympics"
1831379515777679851,Olympic gold medalist Rai Benjamin â€” a #Giants superfan â€” brought his hardware to practice today https://t.co/7hjD4N6xNK
1831461009258885274,"@xskinn She did it in a WRğŸ¥‡. Yes. How you go from near death with a severe head injury to learning to walk again &amp; then becoming a swimming champion in 3 yrs is really a miracle. Huge personality too, despite her challenges."
1831881791126565327,"@wyndovelh @UgaAthletics2 @mtnug @NBSportUg @NCSUganda1 @Paris2024 @Olympics @WorldAthletics @UgandaPrisons @Nike @francis_isano It is Lori. It's beyond what I can express, and it is only getting worse. Male violence and domestic violence is on the rise all over the old RN and it is starting younger and younger. My hometown of Melbourne is currently under siege with teens W/ machetes. I don't know anymore."
1833207062274449776,C'est terminÃ© la phryge ğŸ… vient de quitter la Gare Montparnasse !  Les Jeux de @Paris2024 sont terminÃ©s et nous sommes dÃ©jÃ  nostalgique de cette pÃ©riode incroyable. Merci aux nombreux volontaires pour leurs prÃ©sences en Gare au service de tous ğŸ‘‹ğŸ» ! https://t.co/47xQcHeDyP
1834108214960390495,@crazyfrankiemad @SkyNewsAust Iâ€™m sure you committed a few war crimes eh? Or you would have but were too low in the order to get away with it.   Iâ€™ve lived in a war zone and Iâ€™ve seen what atrocities are committed on civilians by military. I am not impressed by your lil medals there champ.
1834122400750879164,@cannes_michel @davidlisnard @EricPAUGET1 @Gone691 @AlexiaOd06 @gillesroux06 @lequipedusoir @claireflorimond @lequipe @aldocannes @ReneTombarel @de_perrier @AnfossoCeline @StephaneMtzs @le_Parisien @DD75007 @Paris2024 @EwanjeEpee @scaristan Ma filleule et niÃ¨ce @claireflorimond bossait avec lui  @lachainelequipe elle est sous le choc
1834185906707698120,"The National Youth Games kicks off today!  Predict your state's final position and medal count and win N10,000.  Drop your prediction under this tweet.  To be eligible, you must follow us on X and subscribe to our WhatsApp channel: https://t.co/f6h8JVGFYc  #NYG2024 #Asaba2024 https://t.co/7mB45cRZe7"
1834871742797373464,"@write2Swag Thought I should have him sign it but forgot and had him sign RG20 Celebration instead. Wishing I could go back but also thankful I was there to see him and Carlo olympics this year. Rafa is washed sadly, donâ€™t think he can recover the movement, game is fine but movement is shot"
1835996800781533605,@JoshStrifeHayes @tarellion If I told you that throughout my life Iâ€™ve spent maybe 1600 hours swimming would that not make me a relative novice at swimming? For a game thatâ€™s been out for 3 years itâ€™s not exactly a lot of hours everything is relative
1838160099681902823,"@vishalmalavya @sanjeevsinghx Why is Ahmedabad hosting the Olympics and not Haryana, where they actually win medals?   Must be because Mr. Fenku's top skill is talking big and doing little...And if Gujarat has all this surplus money, why is it still taking funds from the central government? #selfgoalgujju"
1838591511463666138,"@asforfootball Well said. When I go to the games &amp; follow Army sports, despite the fact I never attended WP, they are all athletes to me. I rarely think of them as future soldiers, really, if I am honest. I love Army sports because it's as pure as it gets in today's world. The love of the game."
1838814012345028626,"Examples please.  Iâ€™m sure men would complain about my basketball uniform and Nikes as not being feminine enough.   Why do you think little girls have to wear leotards when they do gymnastics or ballet?   And if men are going to stare at your butt anyways, should you might as well show it off or hide it?   These are just things to talk about.  ğŸ˜‰"
1839536104745185493,"@VictoryVoicePod @theeluvvbelow Yes. Yes she is, and a well decorated and celebrated Olympic athlete who has proved herself on the world stage, time and time and time again. That's the point here. Her resume is full of deserved accomplishments over years, not a Rookie statline. And there will be no Ledecky hate"
1839675958686560628,"@Paris2024 @MyEDF @EU_Social @EU_EESC @IDA_CRPD_Forum @BlindUnion @EURightsAgency @IBSABlindSports @Paralympics @ENIL_EU @visionsportsirl @ONCE_oficial, @DBSV, @cfpsaa, @UICIesteri, @RNIB, @Vision_Irl, @synskadade, @NKLry, @CBU_HSS, @unia_a, @Savez_slijepih, @pimedateliit, @LASS_Lithuania, @SSlepihSrbije, @liguebraille"
1839704320792789429,"@fem_mb It's 2024. We're post Paris Olympics. He should know better &amp; if he doesn't, it's because he doesn't care.  Honestly, I don't buy the ""nice guy"" story. How many ""nice guys"" end up being abusive rapists? Just because someone is ""nice"" on the outside, doesn't mean he's good people."
1839739426106421365,@mythogenessis @theeluvvbelow Thatâ€™s great. Itâ€™s just not really at the level of the others in the group. Itâ€™s great but she should be on the list with magic and bird in their rookie seasons. Not with the best female tennis player of all time. Not with Ledecy most golds of female Olympic athletes.
1840157490589380705,Who deserves more to get into the Basketball Hall of Fame? ğŸ‘€  Rudy Gobert: ğŸ”¸3x All-Star ğŸ”¸4x DPOY ğŸ”¸2x Silver Medals at the Olympics  Derrick Rose: ğŸ”¸2011 NBA MVP ğŸ”¸3x All-Star ğŸ”¸2009 ROY  John Wall: ğŸ”¸5x All-Star ğŸ”¸2014 Slam Dunk Champion https://t.co/eaCxp0xGnm
1840263551610470498,"@GrayM0untain @NachoDaddio While that was an extremely disappointing part of the Olympics this year, it wasnâ€™t the athletes fault and there were many special moments of athletic achievement that can be celebrated. Pretty sure the ceremonies will look different in Utah."
1840333980689743969,"@Lucas51192 @_markpetchey Comparing not taking a vaccine during a global bandemic to accidental doping because of contamination is insane lmao. If Mental Gymnastics was an Olympic discipline, you'd have as many medals as Michael Phelps"
1840586214409162785,"I was just with a crew (prominently men) who were watching the Bills-Ravens gameâ€¦  My former teammate and I were watching my sisâ€™ #WNBA playoff game on my phone on the side, until the guys flipped the channel (during commercial break) to my sisâ€™ game.  All I can say is that channel never flipped back to the football gameâ€¦ And I hear 12+ men scream at the TV â€œLFGGGGG!!!!â€ when Alyssa Thomas sinks a huge shot to seal it.  THIS^^ ğŸ¥²"
1840670864192512140,"EJ OBIENA has seamlessly emerged as our ULTIMATE OLYMPIAN! He may not have won OlympicğŸ¥‡ medals yet, but he embodies, both in his field and the way he maturely manages his human relations with integrity &amp; independence, everything our folks should look up to in a ROLE MODEL ğŸ‡µğŸ‡­âœŠ"
1840989020521971924,Volleyball is a team sport in which two teams of six players are separated by a net. Each team tries to score points by grounding a ball on the other team's court under organized rules.[1] It has been a part of the official program of the Summer Olympic Games since Tokyo 1964.
1841114535870013950,"@TRUMP_ARMY_ @elonmusk do you not hear the subliminal? think about what happened recently with the Olympics and Imane Khelif. sorry, but couldnâ€™t help but feel the hairs stand on my body as he said this. Heâ€™s clearly making a mark at her case and how everyone said it was a â€œman in womenâ€™s sportsâ€."
1841191758929035614,@Giosomethingidk @dejuice36 @Newgodflow11 @HimuraShintaX @KingJames @Lakers @cavs @MiamiHEAT @NBA @FIBA @Hoophall @Nike @nikebasketball @Converse 2014 was not a super team lol. Wade was so ass and the role players were garbage most out of the league within a few short seasons after.  2015 Matthew dellavadova Timofey mozgof and James jones all got big minutes in the nba finals. Yes the Cavs were outmatched
1841235912887345624,LETS GOOOO. University of Wyoming is the third school to forfeit their match against SJSU because they have a man on their women's team   This is the way. Do not comply. Major kudos to @WYO_Volleyball @BroncoSportsVB @SUUVolleyball ğŸ‘ğŸ¼ğŸ‘ğŸ¼ğŸ‘ğŸ¼ https://t.co/xhmh9SxS4k
1841439702932496723,"Fourthly, support packages. Municipalities must appoint credible water service providers to assist in water service within the next three months in the meanwhile. The ringfencing of water services infrastructure budget.  All business plans must be concluded for funding through"
1841671391487393930,"@HILARlO @rumbai72 @ardisatriawan Olimpiade itu di satu kota kok lokasinya. Di Paris kemaren, ada lokasi yang di Tahiti itu dikarenakan kondisi laut dianggap ombak di laut sekitar kota Paris dianggap kurang ideal buat cabor surfing, makanya mereka pindahin lokasinya ke Tahiti. Dan ini cuma satu satunya cabor yg"
1841744625695944714,"02.10.2024ğŸ‡¹ğŸ‡·FenerbahÃ§e - Besiktas women's basketball match played in Istanbul was stopped due to items thrown on the field, the police intervened with the FenerbahÃ§e fans and the atmosphere became tense, the hall was evacuated and the match was postponed, it will be played https://t.co/7nfpnvb0Oc"
1841901873827123363,"@Olympics @Paralympics These talented athletes had the opportunity to meet with senior civilian and military leaders, recognizing their outstanding achievements on the world stage.  They're great examples of what it means to #BeAllYouCanBe!  3/3"
1842220383413436798,"#WATCH | Greater Noida, UP: On being named director for Delhi franchise of Hockey India League, former Indian hockey player and Paris Olympics bronze medallist PR Sreejesh says, ""It's a new designation. I think the job doesn't change...For me, it looks quite easy because Mahesh https://t.co/rHWb24CbUS"
1842391513252127194,@DVT8008 @ShinomoriAoshiX @KingJames @Lakers @NBA @cavs @MiamiHEAT @Nike @Hoophall @nikebasketball @FIBA @Converse And to counter ur point if bron can js make easy layups since heâ€™s a layup merchant woudnt it be easier to just take the layup instead if the middy bc itâ€™s still just two points ğŸ˜­
1842713637229654108,@MythNix @ShinomoriAoshiX @KingJames @Lakers @NBA @cavs @MiamiHEAT @Nike @Hoophall @nikebasketball @FIBA @Converse Out of 82 games in the season thatâ€™s a lil under 2 attempts a game Iâ€™d say thatâ€™s a pretty fair sample size otherwise you get to end of the bench guys or guys who literally got called up once do to injury
1843577083127103769,ğŸ†ğŸ‘€ We're delighted to announce seven wildcard entrants from @bballengland and @basketballscot competitions to the SLB Cup!  ğŸ‘‡ Click below to read more about the NBL and SBC teams who will be joining the Cup on our website.   #BritishBasketball
1843962881592987989,@Hattusilis_III @fredserval @Volko26 @LetsPlayHistory @akochowi Most games you arenâ€™t given a replica medal for being a good Nazi leader.  And most publishers have tried to minimize that fetishism over the last several years because is very real still today.
1844092822544326866,@MythNix @HimuraShintaX @Hoophall @Nike @nikebasketball @Converse @chicagobulls @MiamiHEAT @cavs @FIBA @Lakers @WashWizards if you think he dont suppose to be in the finals against those teams then thats just saying you think his comp in the east was wack .
1844106187857633738,@Vickicooper29 @JasonManford He is i met him 10 years ago in dudley so it was worth waiting for not gonna leave it so long next time lol ğŸ˜† I'm always tweeting him ğŸ¤¦ğŸ¼â€â™€ï¸ğŸ¤£ he looks so fit! Padel tennis is a must I need to try it x
1844638300637655320,@FCB_Warijit @ata_match_views Phelps' medal tally is also down to the fact that there's so many swimming events at the Olympics. Personally I always add more footballers in this top atheletes or whatever lists bc it's the most played sports and thereby toughest to make it at the absolute top level
1844709163315728809,@ManishM1415915 Exactly! DSP job is mainly given after you win Gold at Asiads or a medal at world championship. It took kusale an Olympic medal to be promoted to a gazetted post. Non cricket athletes literally shove their ass just to have a stable life.Siraj has been earning in crores since 2017
1844791250886467946,"Ok Tim, I guess now would be a good time to drop my October surprise. You remember him right? The real reason you walked away from teaching? The kid who spent the night at your home? the one you went to the gay bar with? The reason the school board had a meeting about you? What do you think Tim, should I drop that now? Or should I wait another week or so? You know, the student you were having sex with, the male student you were having sex with? They didn't call you Touchdown Timmy because you were the football coach, oh wait, you lied about that also. You were the assistant coach. What do you think Tim? You remember the Indigo Girls concert, right? The gay bar, spending the night and of course the school board meeting. Think it is time Tim? TOUCHDOWN TIMMY. You were Touchy alright."
1844865438561300497,"@maybe_caroline @GrageDustin @xx_xyathletics Itâ€™s not a lie, mentally ill men are dominating some womenâ€™s sports thankfully that boxers gold medal was just taken back and he was kicked out but it is happening just wondering why the ad is just now comin out"
1845925862870602215,"@ToddNic64758773 @ShinomoriAoshiX @Jumpman23 @NBA @chicagobulls @FIBA @Nike @nikebasketball @WashWizards @Hoophall @Converse @nyknicks He would send Ewing to the hospital, those are players with rings, both 100x greater than shitty Ewing"
1846418308431568907,@boolou2020 @JDaltonRH @RyanPfenninger @tonykatz @Olympics You mean the place where women are less than men?  Is that what a cry closet is?     Such a strange weirdo you are.  Fairly traditional Hoosier though. Simple minded and never amounted to much.   Thatâ€™s kinda life for yâ€™all over there on the right though.
1846544495698940238,"The EFFâ€™s Statement Following Referral of Gayton McKenzie to Ethics Committee for Misuse of Taxpayer Money, and Dishonesty Regarding His Attendance  of Paris Olympic Games  - McKenzie has now further tied himself to proof that he is not paying attention to the work of his https://t.co/RTMxnsC2zo"
1847366504834355410,"@Desgg94 @WUTangKids The mental gymnastics it takes to make that jump would eliminate @Simone_Biles from winning the gold. The fact, I know I can improve Democracy and our country by improving The Constitution which has happened 27 times doesn't mean I hate it, it means I like it and want to make it"
1847752198794727816,"@by4aall @tasneem_ri58417 @Pro20Xx @KreekCraft @Medal_TV Additional points  1: player count doesn't make a game better than another  2: it's stupid to compare a fashion game with a mystery/horror puzzle game  3: two legends can coexist, I'm not particularly a fan of DTI but both games are high quality and have visually stunning sets"
1847790317887774822,@BenjaminBerdugo @TennisLegende Djoko vient d'un pays en guerre sans une vraie fÃ©dÃ© de tennis autour de lui et tous les avantages que Ã§a implique et Ã§a l'a pas empÃªchÃ© de jouer Nadal a Roland Garros mÃªme dans ses annÃ©es faibles alors qu'il Ã©tait encore bÃ¢ti comme un curdent.
1847992672197165138,"@ThePantherKnows @ConstanceProse @nypost And that explains the rise in NWSL rating, correct?   â€œ10 years ago, it all wouldâ€™ve been different if CC had played in the 2024 Olympicsâ€.  Think about how stupid that statement will be in 10 years."
1848454305126154242,"Running is one of the most accessible sports in the world that's celebrated on a global stage during the Olympics, yet it's almost impossible to make a professional career from it.  My goal with @ATHLOS: create an infrastructure that helps these athletes find more pathways to https://t.co/2jVrxZ6XFH"
1848628537420304727,"I never knew Laurel Hubbard hit an elderly couple's car, put the man in hospital &amp; caused him to need spinal surgery, got a fraction of the usual driving ban, AND the court protected him from the media to help him steal a woman's place at the Olympics. https://t.co/r38AseSUgf"
1848772598445818361,"2024 was a spectacular one: long waited Olympic Gold and home tie win to secure place in Davis Cup 2025 World Group! Hopefully more of the same in new season!  Dogodine, nadam se - druga Salatara! Da naÅ¡a zemlja bude opet prvak sveta! ğŸ‡·ğŸ‡¸â¤ï¸ğŸ†  #NoleFam #Djokovic https://t.co/L3vpynwjG7"
1848806247925223871,"On this day in October 2013,  a brand new teacher, Colleen Elizabeth Ritzer stepped out of her class to use the restroom but was followed by one of her 14-year-old students.  Inside the restroom, Philip Chism stabbed the young math teacher in the neck and head, slit her throat with a boxcutter and had sex with her corpse.  Chism then used a recycling bin to haul Colleen's body out of the school and into nearby woods, where he posed with the corpse in a sexual position sending his friends pictures of the mutilated young woman's lifeless body.  Collen will never experience her own children, growing old with someone she loves, all because of the demon pictured below.  Chism spends his days exercising, eating 3 meals a day, and watching TV while chatting with friends and surfing the net. He hopes to be released from prison before he's 40."
1848862648357818874,@Denise13F @Basil_TGMD @Olympics Perfectly put ğŸ™ŒğŸ‘  Absolutely spot on. Also does everyone realise the one thing in common here. Even on the board of the Olympics? Keir Starmer. His best man was on that board that allowed this. Itâ€™s the left and His group of weird communist lefties creating this upside down
1849120474426667112,@Dhruv_Kr09 @Jai_hoho_ @mshahi0024 @the_mini_God Railways-everyday accidents Expressways- clearly u dont drive and hav never been outside India to knw wht an expressway is.  Airports - Adani  Road transportation? Arbitrary digression like all bhakths Sports Culture - LOL 1.4 Bil people and how many olympic medals. Gobar Bhakth!
1849395757486379096,@Paris2024 @Paralympics and to show Paralympians in action instead of allowing news headlines to be our only source of exposure to once-in-a-lifetime performancesâ€”I have done my best to showcase every single competitor doing what they love: sports.
1849889856752873805,@broadcast_sport @MJGold @Olympics @Paris2024 @BBCSport Michael Johnson gets my vote. One of the quality gems in a poor BBC offering of the Paris Olympics
1850330602827829551,@DaveSchwartzSC @_joshsiegel_ Might want to check with Cardinal fans about a certain call in the 1985 world series.  Are you also familiar with the 1972 Olympic gold medal basketball game between the US and Russia?
1850488902349426855,"ğŸ«´ The Indian team won seven medals including two â© â©gold, one silver and four bronze medals at the Junior  ğŸ“›World Wushu Championship in Bandar Seri Begawan,  ğŸ“›Brunei. ï‚· India's Aryan won the gold medal by defeating  â°China's Gong Huanran in the 48 kg weight category  of"
1850602385858576649,"Twice a year I get my Olympic watch collection out to change from Central European Summer Time to Central European Time and back. Today is the day again after we ""gained"" an hour last night. Brings back a lot of memories about the different Olympic and Youth Olympic Games these https://t.co/FIFtFUr0XA"
1850692711613120977,@johnpavlovitz @TMtfromcc MAGA hate  Blacks Cat owners Dems Detroit / Philly Disabled / Children Evangelicals 4 Harris Immigrants Indigenous Jews LGBQ+ Mexicans Military Non-Parents Olympic athletes Post menopause Puerto Rico Republicans Pence / Haley / McCain Teachers Unions White dudes 4 Harris Women
1850808766477861126,"@AllKindsOfTruth @elizacarthy @Women___Exist @tinternetqueen @NikkiBabb4 @WEP_UK Democrats legally allow men to violate women's privacy and dignity, to humiliate women.  Democrats put rapists to women's jails where they rape women again.  Democrats push men to women's sport where men steal women's medals. â¤µï¸"
1850944777002594332,"Colleges have started to eliminate hundreds of Olympic roster spots as a result of new limits, athletes tell @YahooSports.  Recruits with offers rescinded &amp; existing athletes who were cut are mobilizing to file a pivotal objection to the NCAA's settlement https://t.co/1BSjNRzz6l"
1850953371693564074,"Delighted to have joined The Royal Canadian Geographical Society @RCGS_SGRC in @ottawacity for the presentation of the King Charles III Coronation Medals. We honoured remarkable Canadians for their achievements in various fields, including science, the arts, education, https://t.co/JHDsMiemjL"
1851595009197310435,"$ONON has been on a tear this year, up over 100% over the last year, on the back of their revenue growth and great marketing during the 2024 Paris Olympics, as their shoes were worn by many notable athletes. They were also backed by Roger Federer and signed Zendaya to be their https://t.co/EKRwymYBYL"
1867243766605828401,"Plastic recycling is a â€œdead-end street.'  That quoteâ€¦unbelievablyâ€¦is from @Greenpeace.  In my new video, we debunk the recycling religion. https://t.co/loe7F7gS2L"
1875482567282946401,"Biden to present Hillary Clinton, George Soros and 17 others the Presidential Medal of Freedom https://t.co/EJ0X7n7aQ3 https://t.co/BiqdTMWgJI"
1875585615657627768,President Biden has reached the apogee of irony with his plan to award Hillary Clinton the Presidential Medal of Freedom. It was Hillary Clinton who pressed the EU to force the censorship of American citizens and whose campaign funded the Steele dossier... https://t.co/BumoejXK2a
1876379593822928898,Rudy Giuliani was just held in contempt of court. They are trying to bankrupt a man for questioning the 2020 election. And the woman who pulled out ballots from a duffel bag in Georgia in 2020 is going to try to get all of this money after Joe Biden gave her the presidential medal of freedom.  The level of Orwellian is hard to really grasp.
1886630580596695519,"Crockett: I am tired of the white tears. Listen, if you are competent, you are not concerned. When you look and you compare me to Marjorie Taylor Greene or me to Lauren Boebert, there is no comparison. And that is the life that we have always lived. So the only people that are crying are the mediocre white boys that have been beaten out by people that historically have had to work so, so much harder"
1893537617712464291,"@SuperWahsum @BYUMBB @Big12Conference I donâ€™t have a rooting interest here. The officials were certainly not perfect but an intelligent @BYUMBB basketball fan wouldâ€™ve said, â€œFran, youâ€™re probably right about that one.â€  No disrespect intended. ğŸ˜‰ğŸ€"
1897464313238913366,"Voters say @realDonaldTrumpâ€™s speech gave them hope, but one side of the room missed out. Trump said Democrats will never change and last night, they proved him right. @RepAlGreen was screaming and shaking his cane â€” and he says heâ€™d do it again. All night, Democrats didnâ€™t clap for: catching terrorists, bringing hostages home, destroying the cartels, planting the American flag on Mars, or when Trump announced he was putting a Democrat in charge of ending autism. Democrats used to say they were â€œfor the children,â€ but they showed zero emotion when Trump invited a girl who was partially paralyzed after a boy spiked a volleyball in her face. They just sat still and seethed when Trump made a 13-year-old cancer survivor an honorary @SecretService agent. Trump gave Democrats a lot of reasons to clap last night. The only time they did  â€” was to send your money to an unwinnable war on another continent."
1899837790482751523,At the heart of #OlympicAgenda is putting athletes first. The IOC's support of athletes includes:  ğŸ¤ Athlete development programmes ğŸ§‘â€ğŸ’» Training &amp; opportunities for careers beyond sport ğŸ¥‡ Reallocating medals to ensure clean athletes are recognised    https://t.co/MkMGrPhD4i https://t.co/UdaiF4TflM
