msg_id,text
twitter/1205357051133620224,2/2 â€¦ for more than two years of a term to which some other person was elected President shall be elected to the office of the President more than once.  U.S. Const. amend. 22.
twitter/1332925401325191168,æˆ‘çˆ±è¿™ä¸ªæœ‰è¡€æ€§çš„æ°‘æ—ğŸ’ª $URL[0]
twitter/1417508754090729475,æ°´æ·¹æ²³å—åœ°éµï¼Œå…·é«”æ­»å‚·ä¸çŸ¥ $URL[0]
twitter/1475840551534608387,"@Kiwi_in_DE @VinceGottalotta @David4677484957 @findtruthinside @Mer2SkiTeam @jimaw63 @pelleggi @lee_whiten @NatForTrump2024 @JonRFleming @A_quiet_rose @AngryFleas @RobertVonB1 @EricR42 @jbizzy6969 @FrankGillilan13 @KD2NFC @MarkBatin @Kellyring @therealBFizzzle @Steve32540993 @marie745640 @CS8numbers @Annie20554592 @Charles15704403 @hrt6017 @ThereseOSulliv2 @trevors241 @theProgEqualist @Sumbua8 @LanyJennifer @BarrennessBlack @Albatross101422 @justasimplema20 @sammk1964 @MikeTheAverage1 @Rwhite506 @Anti_MagatCult @al_ravenna @TruthisnotT @IKnowNo45915048 @Animalsdonthate @Shopdogg2 @TinyDancer1477 @young_bruce @waywardmegan15 @gmartinharp @lostandlovinit @Jetson77 @_RespectedAgain Dude,  It's sad when someone is getting mauled and made a fool of and doesn't realize it  That's you. Perhaps you can change your screen name and come back as a fairy dust Princess"
twitter/1558704886061080588,è¯·å¸®å¿™å…³æ³¨è½¬å‘è¯„è®ºï¼Œæˆ‘éœ€è¦é€€å›æˆ‘çš„è¡€æ±—é’±ï¼Œè°¢è°¢å¤§å®¶ $URL[0]
twitter/1568974009576083456,æ´»åˆ°ä»Šå¤©ï¼Œç¬¬ä¸€æ¬¡å«Œæ—¶é—´èµ°å¾—æ…¢ï¼Œæˆ‘å‡ ä¹æ‰’æ‹‰ç€æ‰‹æŒ‡å¤´è¿‡æ—¥å­ã€‚æˆ‘ç”šè‡³æƒ³å–é…’ï¼Œæƒ³å¤§é†‰ä¸€åœºï¼Œæƒ³åšå••å¤§å“­ã€‚ä½†æ˜¯å¥½åƒæˆ‘å¹¶æ²¡æœ‰ä¸€ä¸ªç‹æœ‹ç‹—å‹ï¼Œè¿™å°±æ˜¯ä¸­å¹´çš„æ‚²å“€ã€‚
twitter/1571981360906080257,Will no one at the Vatican speak up for Cardinal Zen? $URL[0]
twitter/1634030242078814208,ä½†æ˜¯è€ƒè™‘åˆ°ä»–å½“å‰éƒ½æ˜¯è‡ªå·±æ‰‹åŠ¨å¸®å¤§å®¶å¼€é€šï¼Œåç»­ç»­è´¹å•¥çš„ä¹Ÿå¾—æ˜¯ä»–è‡ªå·±æ‰‹åŠ¨å¸®å¿™æ“ä½œï¼Œæœ€ç»ˆæˆ‘è¿˜æ˜¯å‚è€ƒäº†å¦ä¸€ä½æ¨å‹ @lewangdev çš„æ¨ï¼Œé€‰æ‹©äº† nobepay å¼€é€šä¸€å¼ è™šæ‹Ÿå¡æ¥å¼€é€šä»˜è´¹è´¦å·ã€‚é€‰æ‹©äº†ä¸€ä¸ª556766çš„å·æ®µï¼Œä½¿ç”¨JustMysocksçš„æœºåœºå¼€é€šæˆåŠŸäº†ã€‚
twitter/1675395899156226050,ä¹°äº†å— WearOS ç³»ç»Ÿçš„ä¸‰æ˜Ÿæ‰‹è¡¨ï¼Œåˆ°æ‰‹å‘ç°ç”¨çš„æ˜¯ä¸“ä¸ºä¸­å›½å®šåˆ¶çš„ç³»ç»Ÿï¼Œæ‰€æœ‰è·Ÿ Google æœ‰å…³çš„ä¸œè¥¿éƒ½è¢«é˜‰å‰²äº†ï¼Œç”šè‡³æ— æ³•å’Œæœ‰ Google Play æœåŠ¡çš„æ‰‹æœºè¿æ¥ã€‚  è¿™èƒ½å¿ï¼Ÿæœæ–­ç»™æ‰‹è¡¨åˆ·æˆäº†ç¾å›½ç‰ˆç³»ç»Ÿï¼Œç”¨èµ·æ¥èˆ’æœå¤šäº†ï¼Œå”¯ä¸€çš„é—æ†¾æ˜¯éä¸­å›½ç‰ˆç³»ç»Ÿç”¨ä¸äº† NFC å…¬äº¤å¡ã€‚
twitter/1681931973156286464,@wg2015709 ä»€ä¹ˆæ—¶å€™å‡ºæ¥çš„
twitter/1700488728643281040,".@POTUS has continued for 1 year,  the national emergency with respect to persons who commit, threaten to commit, or support terrorism. ğŸ“– $URL[0]  Itâ€™s a good thing to wake up to a #CupOfJoe that has put things in place to protect our democracy.   #4MoreIn24 $URL[1]"
twitter/1712280231539523834,What would you do if you noticed one of these on the ground?   $URL[0]
twitter/1739084101028880785,"I love this quote because talent smart talent they can only learn from the best MC Hammer I started out as the bad boy. Look where he's at now. DJ king assassin work with #Tupac now I don't know about y'all out there, but when I grow up I want to be just like them. Much love and respect"
twitter/1781330380613673067,FBIå±€é•¿å…‹é‡Œæ–¯æ‰˜å¼—-é›·ç§°ï¼Œæ¥è‡ªä¸­å›½å…±äº§å…šï¼ˆCCPï¼‰çš„æ€»ä½“å¨èƒæ˜¯ä¸€ç§æ¶‰åŠçŠ¯ç½ªã€åé—´è°å’Œç½‘ç»œå®‰å…¨çš„æ··åˆå¨èƒï¼Œä¸­å…±æ”¯æŒçš„é»‘å®¢å‡†å¤‡å¯¹ç¾å›½åŸºç¡€è®¾æ–½å‘åŠ¨å¤§è§„æ¨¡æ”»å‡»ã€‚è”é‚¦è°ƒæŸ¥å±€æ­£åœ¨åˆ©ç”¨æ¥è‡ªæ‰€æœ‰ä¸‰ä¸ªä½¿å‘½é¢†åŸŸçš„èµ„æºæ¥åº”å¯¹è¿™ä¸€å¨èƒã€‚ $URL[0]
twitter/1790395097554796559,#à¸›à¸£à¸°à¹€à¸—à¸¨à¹„à¸—à¸¢: à¹€à¸£à¸²à¸£à¸¹à¹‰à¸ªà¸¶à¸à¸ªà¸°à¹€à¸—à¸·à¸­à¸™à¹ƒà¸ˆà¸­à¸¢à¹ˆà¸²à¸‡à¸¢à¸´à¹ˆà¸‡à¸•à¹ˆà¸­à¸à¸²à¸£à¹€à¸ªà¸µà¸¢à¸Šà¸µà¸§à¸´à¸•à¸‚à¸­à¸‡ 'à¸šà¸¸à¹‰à¸‡' à¹€à¸™à¸•à¸´à¸à¸£ à¹€à¸ªà¸™à¹ˆà¸«à¹Œà¸ªà¸±à¸‡à¸„à¸¡ à¸‹à¸¶à¹ˆà¸‡à¸­à¸”à¸­à¸²à¸«à¸²à¸£à¹€à¸à¸·à¹ˆà¸­à¹€à¸£à¸µà¸¢à¸à¸£à¹‰à¸­à¸‡à¸à¸²à¸£à¸›à¸à¸´à¸£à¸¹à¸›à¸à¸£à¸°à¸šà¸§à¸™à¸à¸²à¸£à¸¢à¸¸à¸•à¸´à¸˜à¸£à¸£à¸¡à¹à¸¥à¸°à¸à¸²à¸£à¸›à¸¥à¹ˆà¸­à¸¢à¸•à¸±à¸§à¸œà¸¹à¹‰à¸–à¸¹à¸à¸„à¸¸à¸¡à¸‚à¸±à¸‡ à¹€à¸£à¸²à¹€à¸£à¸µà¸¢à¸à¸£à¹‰à¸­à¸‡à¹ƒà¸«à¹‰à¸¡à¸µà¸à¸²à¸£à¸ªà¸­à¸šà¸ªà¸§à¸™à¸à¸²à¸£à¹€à¸ªà¸µà¸¢à¸Šà¸µà¸§à¸´à¸•à¹à¸¥à¸°à¹„à¸”à¹‰à¸£à¸±à¸šà¸à¸²à¸£à¸£à¸±à¸à¸©à¸²à¸‚à¸­à¸‡à¹€à¸˜à¸­à¸—à¸µà¹ˆà¹‚à¸›à¸£à¹ˆà¸‡à¹ƒà¸ªà¹à¸¥à¸°à¹€à¸›à¹‡à¸™à¸˜à¸£à¸£à¸¡ $URL[0]
twitter/1790734437811921208,"Paging Chris Sununu: â€œAs for what comes next, a majority of Americans now say that they would approve (51%) rather than disapprove (36%) of Trump being sentenced to prison if found guilty.â€ $URL[0]"
twitter/1803661971931209983,@pingzhang632 ä¸ç”¨å•Šã€‚æ‹œç™»è¦çš„æ˜¯å°½å¿«åœæˆ˜ï¼Œä»–å¥½äº‰å–é˜¿æ‹‰ä¼¯è£”çš„é€‰ç¥¨ï¼Œå®‰æŠšå·¦ç¿¼ã€‚å†…å¡”å°¼äºšèƒ¡åæ­£æƒ³è¶æ­¤æœºä¼šæ¨è¿›ä¸€å›½æ–¹æ¡ˆï¼Œä¸å¸Œæœ›å°½å¿«ç»“æŸæˆ˜äº‰ã€‚ä»¥è‰²åˆ—ç¼ºå†›ç«æ‰“ä¸‹å»å—ï¼Ÿæ‰“åˆ°11æœˆå¤§é€‰ç»“æŸï¼Œè¦ä»€ä¹ˆæœ‰ä»€ä¹ˆã€‚åªæœ‰åœæˆ˜æ‰èƒ½å“„å¾—ä½æ‹œç™»ã€‚ä¸æƒ³åœæˆ˜ï¼Œå“„ä»–å¹²å˜›ï¼Ÿ
twitter/1815173255634026666,@lujunsheng5 @FeiyanXie äº’
twitter/1819496685636407483,@zhubuchen01 æ¼‚äº® å«å•¥åå­—å‘¢ï¼Ÿ
twitter/1819738154233974897,@whyyoutouzhele $URL[0]
twitter/1824647342978400292,"I have quite a few MAGAs in my feed telling me the Dems will replace Cackles and The Chicken at the DNC next week.  How?  If I understand correctly, Harris has already been nominated by a virtual roll-call of the delegates and is therefore officially the nominee.  The DNC is thus nothing more than a pep rally.  However, I will freely admit I may be missing something.  If any of you has insight into whatever mechanics may exist to replace her (beyond 'The Democrats do whatever they want,' which is true but not helpful), I'd love to hear it."
twitter/1825515285249732821,8æœˆ9æ—¥ï¼Œä¹ è¿‘å¹³åŒè¶Šå…±ä¸­å¤®æ€»ä¹¦è®°ã€å›½å®¶ä¸»å¸­è‹æ—ä¼šè°ˆï¼Œä¹ è¿‘å¹³å†æ¬¡ç¥è´ºè‹æ—å½“é€‰è¶Šå…±ä¸­å¤®æ€»ä¹¦è®°ã€‚ $URL[0]
twitter/1825906233011830800,"@moniza_hossain â€œAll the white men are easily killed vampires.â€  â€œAngel and Giles are minor characters compared to the girls.â€  â€œBuffy is too â€œunrealisticâ€ to fight vampires.â€  Etc, etcâ€¦."
twitter/1833026589090832819,@liangji53867544 äº’foäº’fo
twitter/1834607263899672586,@saxiaoye110 å·²å…³
twitter/1838893099633746010,"@Zlatti_71 It's unbelievably satisfying to watch the utter meltdown of a triggered loser. ğŸ˜  Who could have imagined that reality would trample over the delusions spun by German state media? ğŸ¤­ğŸ˜‚  Keep spiraling, Annalenaâ€”it's a spectacle worth every second!"
twitter/1840079848754295032,Blue Wave Caturday! Make New Friends & Keep The Old ğŸ’™ğŸ™ğŸŒŠ @donkoclock  @GermanJMorales1    @laney2003us @MDeLeonRetired    @AlanSmitheeDGA  @tom_clymer    @Snowball1776 @deadpeul  @FredBlueVoter @TxRogueFollower   @CGerbrandt1 @Fernand46357857   @ANNOKLA1 @allantwarren   @book950  @LogicMidlife   @danbenbow @f02259434    @KalFulsom @RNstudent2017
twitter/1841977954395619470,"@AmericaPapaBear This is due to the Taft Hartley Act. It's a temporary solution, and there is no requirement for these union workers to work quickly. Therefore, there will still be shipping challenges until an agreement is met."
twitter/1845130663101596138,@HoZhang1 @nickgd99 @UWO_Laramie @jgestiot @KyivIndependent I bet your math was taught by your PE teacher.
twitter/1849551669295759698,"Well, I voted for Trump today. Feels strange given Iâ€™m a libertarian, but I did it.  What do you think about that?"
twitter/1849694942513488382,æœ€è¿‘æ¶¨ç²‰å¤ªéš¾äº†  æ±‚å…³æ³¨å–å®¶äººä»¬ ç™¾åˆ†ç™¾å›å…³ ğŸ’¯ğŸ’¯ğŸ’¯ $URL[0]
twitter/1853456625115509059,æ™šå®‰ æ„¿å†¬æ—¥ä¹Ÿæ¸©æš– $URL[0]
twitter/1855732268175638958,"Iâ€™m surprised no Canadian Jewish community leaders, politicians, or journalists have come out to condemn the demonization of Sikhs by this journalist.  Sikhs have been doing marital arts during parades for 100+ in Canada. There have been no complaints."
twitter/1862055700970819712,éç‰©è´¨æ–‡åŒ–é—äº§--çˆ·çˆ·çš„è¨ç›ç“¦å°” #éé— #äº’å…³äº’èµ $URL[0]
twitter/1867368980736094496,@dashengmedia æ‚¨æ²¡å¼„æ˜ç™½è¯¥å¥³å­æ˜¯å¦äº«å—äº†ä¸åº”å¾—çš„ä¼˜æƒ ï¼Œå…¶æ¬¡ä¹Ÿæ²¡å¼„æ˜ç™½è°æ˜¯çŠ¯é”™è¿˜ç†ç›´æ°”å£®çš„ä¸€æ–¹ã€‚
twitter/1873809169469628854,@dandinohill Here is when the future and freedom of America was stolen 1913. Here are where all the SCAMS originate from. $URL[0]
twitter/1873933067158753464,"@jeetsidhu_ Hereâ€™s an idea, all these companies should just move to India. Then they can have a labor pool with an average IQ of 77 and an education system that ranks lower than Afghanistan. They should go. They should all leave and we will have other tech companies by Americans."
twitter/1874527335216787839,"@SuburbanPolly Especially since it's only Sask and AB where he's positive. Thankfully, he's tanking everywhere else. No surprise in AB, where the bots and trolls swarm, every single time."
twitter/1881989270652715474,@SaraVic333 Just do what we did in America we voted trump and got all of the above..do u have a Australian trump
twitter/1883972763788235053,@narindertweets Columbia sent their own flights to pick up the shackled criminals.   We are talking about Interpol Red Note fugitives and drug criminals.  Community note posted.  #Deportation
twitter/1897336418424455220,Do you have any respect for these people? $URL[0]
twitter/1897468986583080964,"@jonallendc Or maybe, just spit balling here, DOGE could cut all the waste associated with the program. Things like Medicaid for illegals in sanctuary cities. Creating effeciencies so FTEs can be cut and regulations stop increasing the cost of care."
twitter/1897651278877966462,@CRRJA5 @MAGAVoice @GuntherEagleman @DefiyantlyFree @TaraBull808 @RickyDoggin @NahBabyNah @SaltyGoat17 @atensnut @jjauthor @gaye_gallops $$$$$$
twitter/1897712978134548892,@ggreenwald @SlangeVarDave @IanCarrollShow You are a hateful bigot who would cry like the bitch boy that you are if gay's were attacked like jews.
twitter/1898170082146111834,"@wyattreed13 'Ya Ali' what that man just said is a battle cry. Plus, why does this house have a guard post if he is a 'civilian'?"
twitter/1899313302725120456,@shnshn525188 æ¥ç‚¹èµå•¦
twitter/1899804432646213710,@RDog861 @MilaLovesJoe Huge win for sure
twitter/1900165290966532312,@KristaMuenzer @DefiantLs For real. The first two looked raw.
twitter/1901734343778660611,Floridians .... Please pay attention!  NO to #BLMByron $URL[0]
twitter/1908651203346547099,@amandacarpenter Considering the Tea Party wasn't paid and these people are....
twitter/1920134802306387988,"@illscience for my first internship I was a Borland Delphi programmer!  but yes, this forms + coding based worldview has been so successful/popular over the years. GUI + CRUD. Ruby on Rails too, in a way, with easy form code gen via all their templating."
twitter/1924641763417084065,ä¸ºä½ å½¢å½±ä¸ç¦»ï¼Œå¤§å£°è¯´çˆ±çš„å°±æ˜¯ä½ â€¦â€¦ $URL[0]
twitter/1927667253245350231,ğŸ”»Ø¨Ø§Ø²Ø±Ø³Ø§Ù† Ø¢Ù…Ø±ÛŒÚ©Ø§ÛŒÛŒ Ú©Ù‡ Ù‡ÛŒÚ† ØŒ Ø§ÛŒÙ†Ù‡Ø§ Ø­ØªÛŒ Ø­Ø§Ø¶Ø±Ù†Ø¯ Ù†Ø§Ù…ÙˆØ³ Ø§ÛŒØ±Ø§Ù†ÛŒ Ø±Ùˆ Ø¨Ø¯Ù† Ø¨Ø±Ù‡ ØªØ§ Ø±Ø¶Ø§ÛŒØª Ø§Ø±Ø¨Ø§Ø¨Ø´ÙˆÙ† Ø¢Ù…Ø±ÛŒÚ©Ø§ Ø±Ùˆ Ø¬Ù„Ø¨ Ú©Ù†Ù†Ø¯ Ø¯Ù„ÛŒÙ„ Â«ØªØ¬Ø±Ø¨Ù‡Â» ğŸ”»Ø®Ø§Ú© Ù…Ú¯Ø± Ù†Ø§Ù…ÙˆØ³ Ø§ÛŒØ±Ø§Ù†ÛŒ Ù†ÛŒØ³ØªØŸ! Ø¨Ù‡ Ø®Ø§Ú© Ø§ÛŒØ±Ø§Ù† ØªØ¬Ø§ÙˆØ² Ú©Ø±Ø¯Ù†Ø¯ ÙˆÛµ Ø´Ù‡ÛŒØ¯ Ú¯Ø±ÙØªÙ†Ø¯ Ø§Ù…Ø§ Ø§ÛŒÙ† Ù…Ø³Ø¦ÙˆÙ„ÛŒÙ† Ø¨ÛŒâ€ŒØºÛŒØ±Øª Ø¯Ø§Ø±Ù† Ù¾Ø§ÛŒ Ø¢Ù…Ø±ÛŒÚ©Ø§ Ø±Ùˆ Ø¨Ù‡ Ø§ÛŒØ±Ø§Ù† Ø¨Ø§Ø² Ù…ÛŒÚ©Ù†Ù†... $URL[0]
twitter/1929539679981867210,@SmallGov4All @StephenM How about we reduce each department's budget by the amount they can't account for in an audit? $URL[0] $URL[1]
twitter/1945885572662247429,"Strange energy day. Large cap energy is barely green, yet mid/smaller names are ripping. $XOM -.4%, $CVX +.1%, $SHEL -.6%, $TTE -.8%, $COP +.9%, $EOG +.1%, $SLB -1.8%, $EQT -.3%. $MTDR +3% $PR +2.5%, $APA +3.3%, $LBRT +2.3%, $HP +2.8%. Midstream and NG weakest."
twitter/1951420222784807131,"å¾€ä¸Šé£˜çš„æ˜¯æª€é¦™,å¾€ä¸‹é£˜çš„æ˜¯æ²‰é¦™,åˆ°å¤„é£˜çš„æ˜¯èšŠé¦™ $URL[0]"
twitter/894787636279349248,@guchuan81 ä½ ä»¬ä¸€ç¾¤å…±ç‹—ï¼ï¼çœ‹çœ‹é«˜æ™ºæ™Ÿçš„çœŸæ¨å§ï¼ $URL[0]
twitter/962181740201615360,@William13784360 ç›²æµä¸€æ¥å°±é«˜ç§°è¦å¯¹å¤§å®¶å®Œæš´éšç§ï¼Œå´ä¸ç­”æœ‰å…³ä»–ç›´æ’­ä¹è®¨å‰æ˜¯å¦æœ‰ç§æ”¶æš—åæ¨å‹ä»¬å¥½æ„æœ¬æ˜¯è¦æç»™4è½éš¾ç½‘å‹ä¸€èµ·æ‰“å®˜å¸çš„å¾‹å¸ˆè´¹ï¼Œè¯¡è¾©è¯´äººå®¶ä¸æ˜¯æ³•å®˜å°±æ²¡æƒåˆ©æé—®ï¼Ÿä½ æŠŠææ¬¾æŒªä½œä»–ç”¨ï¼Œè¿™æ˜¯ä¸å½“å¾—åˆ©ï¼Œä¾æ³•å¿…é¡»é€€è¿˜ï¼æ—¢ç„¶æ‰€æœ‰æ¶‰æ¡ˆèµŠæ¬ é—®é¢˜ä½ éƒ½ä¸å›ç­”ï¼Œé‚£è¯·é—®ä½ æ¥è‡ªç”±ä¸­å›½æ˜¯è¿æ¥ä»€ä¹ˆæŒ‘æˆ˜çˆ†ä½•ç§éšç§ï¼Ÿæ¥å‹Ÿæï¼Ÿ $URL[0]
